-- MySQL dump 10.13  Distrib 9.2.0, for Win64 (x86_64)
--
-- Host: localhost    Database: stock_simulation
-- ------------------------------------------------------
-- Server version	8.0.42

/*!40101 SET @OLD_CHARACTER_SET_CLIENT=@@CHARACTER_SET_CLIENT */;
/*!40101 SET @OLD_CHARACTER_SET_RESULTS=@@CHARACTER_SET_RESULTS */;
/*!40101 SET @OLD_COLLATION_CONNECTION=@@COLLATION_CONNECTION */;
/*!50503 SET NAMES utf8mb4 */;
/*!40103 SET @OLD_TIME_ZONE=@@TIME_ZONE */;
/*!40103 SET TIME_ZONE='+00:00' */;
/*!40014 SET @OLD_UNIQUE_CHECKS=@@UNIQUE_CHECKS, UNIQUE_CHECKS=0 */;
/*!40014 SET @OLD_FOREIGN_KEY_CHECKS=@@FOREIGN_KEY_CHECKS, FOREIGN_KEY_CHECKS=0 */;
/*!40101 SET @OLD_SQL_MODE=@@SQL_MODE, SQL_MODE='NO_AUTO_VALUE_ON_ZERO' */;
/*!40111 SET @OLD_SQL_NOTES=@@SQL_NOTES, SQL_NOTES=0 */;

--
-- Table structure for table `advanced_orders`
--

DROP TABLE IF EXISTS `advanced_orders`;
/*!40101 SET @saved_cs_client     = @@character_set_client */;
/*!50503 SET character_set_client = utf8mb4 */;
CREATE TABLE `advanced_orders` (
  `id` int NOT NULL AUTO_INCREMENT,
  `user_id` int NOT NULL,
  `stock_symbol` varchar(10) NOT NULL,
  `order_type` enum('MARKET','LIMIT','STOP_LOSS','TAKE_PROFIT','TRAILING_STOP') NOT NULL,
  `side` enum('BUY','SELL','SHORT','COVER') NOT NULL,
  `quantity` int NOT NULL,
  `price` decimal(10,2) DEFAULT NULL,
  `stop_price` decimal(10,2) DEFAULT NULL,
  `trailing_amount` decimal(10,2) DEFAULT NULL,
  `trailing_percent` decimal(5,2) DEFAULT NULL,
  `time_in_force` enum('DAY','GTC','IOC','FOK') DEFAULT 'DAY',
  `status` enum('PENDING','PARTIALLY_FILLED','FILLED','CANCELLED','REJECTED','EXPIRED') DEFAULT 'PENDING',
  `executed_price` decimal(10,2) DEFAULT NULL,
  `executed_quantity` int DEFAULT '0',
  `remaining_quantity` int DEFAULT NULL,
  `market_price` decimal(10,2) DEFAULT NULL,
  `bid_price` decimal(10,2) DEFAULT NULL,
  `ask_price` decimal(10,2) DEFAULT NULL,
  `commission` decimal(10,2) DEFAULT '0.00',
  `fees` decimal(10,2) DEFAULT '0.00',
  `spread` decimal(10,4) DEFAULT '0.0000',
  `executed_at` timestamp NULL DEFAULT NULL,
  `expires_at` timestamp NULL DEFAULT NULL,
  `parent_order_id` int DEFAULT NULL,
  `linked_order_id` int DEFAULT NULL,
  `created_at` timestamp NULL DEFAULT CURRENT_TIMESTAMP,
  `updated_at` timestamp NULL DEFAULT CURRENT_TIMESTAMP ON UPDATE CURRENT_TIMESTAMP,
  PRIMARY KEY (`id`),
  KEY `idx_user_id` (`user_id`),
  KEY `idx_stock_symbol` (`stock_symbol`),
  KEY `idx_status` (`status`),
  KEY `idx_order_type` (`order_type`),
  KEY `idx_side` (`side`),
  KEY `idx_created_at` (`created_at`),
  CONSTRAINT `advanced_orders_ibfk_1` FOREIGN KEY (`user_id`) REFERENCES `users` (`id`) ON DELETE CASCADE
) ENGINE=InnoDB DEFAULT CHARSET=utf8mb4 COLLATE=utf8mb4_0900_ai_ci;
/*!40101 SET character_set_client = @saved_cs_client */;

--
-- Dumping data for table `advanced_orders`
--

LOCK TABLES `advanced_orders` WRITE;
/*!40000 ALTER TABLE `advanced_orders` DISABLE KEYS */;
/*!40000 ALTER TABLE `advanced_orders` ENABLE KEYS */;
UNLOCK TABLES;

--
-- Table structure for table `commission_structures`
--

DROP TABLE IF EXISTS `commission_structures`;
/*!40101 SET @saved_cs_client     = @@character_set_client */;
/*!50503 SET character_set_client = utf8mb4 */;
CREATE TABLE `commission_structures` (
  `id` int NOT NULL AUTO_INCREMENT,
  `name` varchar(100) NOT NULL,
  `market_id` int NOT NULL,
  `tier_name` varchar(50) NOT NULL,
  `min_volume` int DEFAULT '0',
  `max_volume` int DEFAULT NULL,
  `fixed_fee` decimal(10,2) DEFAULT '0.00',
  `percentage_fee` decimal(5,4) DEFAULT '0.0000',
  `min_commission` decimal(10,2) DEFAULT '0.00',
  `max_commission` decimal(10,2) DEFAULT NULL,
  `is_active` tinyint(1) DEFAULT '1',
  `created_at` timestamp NULL DEFAULT CURRENT_TIMESTAMP,
  PRIMARY KEY (`id`),
  KEY `idx_market_tier` (`market_id`,`tier_name`),
  KEY `idx_volume_range` (`min_volume`,`max_volume`),
  CONSTRAINT `commission_structures_ibfk_1` FOREIGN KEY (`market_id`) REFERENCES `markets` (`id`) ON DELETE CASCADE
) ENGINE=InnoDB AUTO_INCREMENT=15 DEFAULT CHARSET=utf8mb4 COLLATE=utf8mb4_0900_ai_ci;
/*!40101 SET character_set_client = @saved_cs_client */;

--
-- Dumping data for table `commission_structures`
--

LOCK TABLES `commission_structures` WRITE;
/*!40000 ALTER TABLE `commission_structures` DISABLE KEYS */;
INSERT INTO `commission_structures` VALUES (1,'US Stocks Standard',1,'BASIC',0,10000,0.00,0.0025,1.00,NULL,1,'2025-06-26 09:25:18'),(2,'US Stocks Standard',1,'STANDARD',10001,100000,0.00,0.0020,1.00,NULL,1,'2025-06-26 09:25:18'),(3,'US Stocks Standard',1,'PREMIUM',100001,1000000,0.00,0.0015,1.00,NULL,1,'2025-06-26 09:25:18'),(4,'US Stocks Standard',1,'VIP',1000001,NULL,0.00,0.0010,1.00,NULL,1,'2025-06-26 09:25:18'),(5,'US Stocks Standard',2,'BASIC',0,10000,0.00,0.0025,1.00,NULL,1,'2025-06-26 09:25:18'),(6,'US Stocks Standard',2,'STANDARD',10001,100000,0.00,0.0020,1.00,NULL,1,'2025-06-26 09:25:18'),(7,'US Stocks Standard',2,'PREMIUM',100001,1000000,0.00,0.0015,1.00,NULL,1,'2025-06-26 09:25:18'),(8,'US Stocks Standard',2,'VIP',1000001,NULL,0.00,0.0010,1.00,NULL,1,'2025-06-26 09:25:18'),(9,'Forex Standard',3,'BASIC',0,100000,0.00,0.0001,0.10,NULL,1,'2025-06-26 09:25:18'),(10,'Forex Standard',3,'STANDARD',100001,1000000,0.00,0.0001,0.10,NULL,1,'2025-06-26 09:25:18'),(11,'Forex Standard',3,'PREMIUM',1000001,NULL,0.00,0.0001,0.10,NULL,1,'2025-06-26 09:25:18'),(12,'Crypto Standard',4,'BASIC',0,10000,0.00,0.0050,0.01,NULL,1,'2025-06-26 09:25:18'),(13,'Crypto Standard',4,'STANDARD',10001,100000,0.00,0.0040,0.01,NULL,1,'2025-06-26 09:25:18'),(14,'Crypto Standard',4,'PREMIUM',100001,NULL,0.00,0.0030,0.01,NULL,1,'2025-06-26 09:25:18');
/*!40000 ALTER TABLE `commission_structures` ENABLE KEYS */;
UNLOCK TABLES;

--
-- Table structure for table `commission_tiers`
--

DROP TABLE IF EXISTS `commission_tiers`;
/*!40101 SET @saved_cs_client     = @@character_set_client */;
/*!50503 SET character_set_client = utf8mb4 */;
CREATE TABLE `commission_tiers` (
  `id` int NOT NULL AUTO_INCREMENT,
  `commission_structure_id` int NOT NULL,
  `min_volume` decimal(15,2) NOT NULL,
  `max_volume` decimal(15,2) DEFAULT NULL,
  `rate` decimal(8,4) NOT NULL,
  `min_fee` decimal(8,2) NOT NULL,
  `max_fee` decimal(8,2) DEFAULT NULL,
  PRIMARY KEY (`id`),
  KEY `idx_structure` (`commission_structure_id`),
  KEY `idx_volume` (`min_volume`,`max_volume`),
  CONSTRAINT `commission_tiers_ibfk_1` FOREIGN KEY (`commission_structure_id`) REFERENCES `commission_structures` (`id`) ON DELETE CASCADE
) ENGINE=InnoDB DEFAULT CHARSET=utf8mb4 COLLATE=utf8mb4_0900_ai_ci;
/*!40101 SET character_set_client = @saved_cs_client */;

--
-- Dumping data for table `commission_tiers`
--

LOCK TABLES `commission_tiers` WRITE;
/*!40000 ALTER TABLE `commission_tiers` DISABLE KEYS */;
/*!40000 ALTER TABLE `commission_tiers` ENABLE KEYS */;
UNLOCK TABLES;

--
-- Table structure for table `historical_prices`
--

DROP TABLE IF EXISTS `historical_prices`;
/*!40101 SET @saved_cs_client     = @@character_set_client */;
/*!50503 SET character_set_client = utf8mb4 */;
CREATE TABLE `historical_prices` (
  `id` int NOT NULL AUTO_INCREMENT,
  `symbol` varchar(10) NOT NULL,
  `date` date NOT NULL,
  `open` decimal(10,2) NOT NULL,
  `high` decimal(10,2) NOT NULL,
  `low` decimal(10,2) NOT NULL,
  `close` decimal(10,2) NOT NULL,
  `volume` bigint DEFAULT '0',
  `created_at` timestamp NULL DEFAULT CURRENT_TIMESTAMP,
  PRIMARY KEY (`id`),
  UNIQUE KEY `unique_symbol_date` (`symbol`,`date`),
  KEY `idx_symbol_date` (`symbol`,`date`),
  KEY `idx_date` (`date`),
  CONSTRAINT `historical_prices_ibfk_1` FOREIGN KEY (`symbol`) REFERENCES `stocks` (`symbol`) ON DELETE CASCADE
) ENGINE=InnoDB AUTO_INCREMENT=6009 DEFAULT CHARSET=utf8mb4 COLLATE=utf8mb4_0900_ai_ci;
/*!40101 SET character_set_client = @saved_cs_client */;

--
-- Dumping data for table `historical_prices`
--

LOCK TABLES `historical_prices` WRITE;
/*!40000 ALTER TABLE `historical_prices` DISABLE KEYS */;
INSERT INTO `historical_prices` VALUES (1,'AAPL','2025-06-20',148.50,151.20,147.80,150.25,52000000,'2025-06-26 09:42:44'),(2,'AAPL','2025-06-21',150.25,152.00,149.50,151.75,48000000,'2025-06-26 09:42:44'),(3,'AAPL','2025-06-22',151.75,153.25,150.90,152.40,51000000,'2025-06-26 09:42:44'),(4,'AAPL','2025-06-23',152.40,154.00,151.20,153.80,55000000,'2025-06-26 09:42:44'),(5,'AAPL','2025-06-24',153.80,155.20,152.50,154.60,49000000,'2025-06-26 09:42:44'),(6,'AAPL','2025-06-25',154.60,156.00,153.20,155.40,53000000,'2025-06-26 09:42:44'),(7,'AAPL','2025-06-26',155.40,157.80,154.80,156.90,47000000,'2025-06-26 09:42:44'),(8,'GOOGL','2025-06-20',2750.00,2820.50,2740.00,2835.50,28000000,'2025-06-26 09:42:44'),(9,'GOOGL','2025-06-21',2835.50,2890.00,2815.20,2875.25,25000000,'2025-06-26 09:42:44'),(10,'GOOGL','2025-06-22',2875.25,2920.80,2850.60,2905.70,30000000,'2025-06-26 09:42:44'),(11,'GOOGL','2025-06-23',2905.70,2950.00,2885.40,2920.15,27000000,'2025-06-26 09:42:44'),(12,'GOOGL','2025-06-24',2920.15,2975.60,2900.80,2945.30,32000000,'2025-06-26 09:42:44'),(13,'GOOGL','2025-06-25',2945.30,2980.20,2925.50,2960.80,29000000,'2025-06-26 09:42:44'),(14,'GOOGL','2025-06-26',2960.80,3000.00,2940.20,2985.40,31000000,'2025-06-26 09:42:44'),(15,'TSLA','2025-06-20',795.60,825.40,790.20,820.40,45000000,'2025-06-26 09:42:44'),(16,'TSLA','2025-06-21',820.40,850.80,815.50,835.75,42000000,'2025-06-26 09:42:44'),(17,'TSLA','2025-06-22',835.75,860.20,828.90,845.60,48000000,'2025-06-26 09:42:44'),(18,'TSLA','2025-06-23',845.60,870.50,840.30,855.20,50000000,'2025-06-26 09:42:44'),(19,'TSLA','2025-06-24',855.20,880.00,850.40,865.80,46000000,'2025-06-26 09:42:44'),(20,'TSLA','2025-06-25',865.80,885.60,860.20,875.45,44000000,'2025-06-26 09:42:44'),(21,'TSLA','2025-06-26',875.45,895.20,870.80,885.90,47000000,'2025-06-26 09:42:44'),(22,'MSFT','2025-06-20',298.45,308.20,295.80,305.80,35000000,'2025-06-26 09:42:44'),(23,'MSFT','2025-06-21',305.80,312.50,302.40,310.25,32000000,'2025-06-26 09:42:44'),(24,'MSFT','2025-06-22',310.25,318.00,307.60,315.75,38000000,'2025-06-26 09:42:44'),(25,'MSFT','2025-06-23',315.75,322.40,312.90,320.15,36000000,'2025-06-26 09:42:44'),(26,'MSFT','2025-06-24',320.15,325.80,317.50,323.60,34000000,'2025-06-26 09:42:44'),(27,'MSFT','2025-06-25',323.60,328.20,320.40,326.85,37000000,'2025-06-26 09:42:44'),(28,'MSFT','2025-06-26',326.85,332.50,324.20,330.40,33000000,'2025-06-26 09:42:44'),(29,'META','2025-06-20',320.15,328.75,318.50,325.90,38000000,'2025-06-26 09:42:44'),(30,'META','2025-06-21',325.90,332.40,322.80,330.25,35000000,'2025-06-26 09:42:44'),(31,'META','2025-06-22',330.25,338.60,327.90,335.75,40000000,'2025-06-26 09:42:44'),(32,'META','2025-06-23',335.75,342.20,332.40,340.15,37000000,'2025-06-26 09:42:44'),(33,'META','2025-06-24',340.15,346.80,337.50,344.60,39000000,'2025-06-26 09:42:44'),(34,'META','2025-06-25',344.60,350.20,341.90,348.75,36000000,'2025-06-26 09:42:44'),(35,'META','2025-06-26',348.75,355.40,346.20,352.90,41000000,'2025-06-26 09:42:44'),(38,'UNH','2025-06-26',572.87,579.87,572.87,579.87,6500000,'2025-06-26 11:21:52'),(4602,'AMZN','2025-05-27',4384.13,4396.77,4345.43,4345.43,21845561,'2025-06-26 13:46:09'),(4603,'AMZN','2025-05-28',4288.85,4363.07,4225.44,4309.21,23892085,'2025-06-26 13:46:09'),(4604,'AMZN','2025-05-29',4465.77,4485.80,4456.45,4456.45,24481104,'2025-06-26 13:46:09'),(4605,'AMZN','2025-05-30',4416.24,4427.87,4327.58,4406.61,25249536,'2025-06-26 13:46:09'),(4606,'AMZN','2025-05-31',4352.81,4381.72,4298.09,4381.72,25327918,'2025-06-26 13:46:09'),(4607,'AMZN','2025-06-01',4113.12,4113.12,4053.51,4111.88,21097019,'2025-06-26 13:46:10'),(4608,'AMZN','2025-06-02',4084.07,4136.54,4077.09,4078.04,27686298,'2025-06-26 13:46:10'),(4609,'AMZN','2025-06-03',4316.65,4339.73,4268.43,4272.22,20211475,'2025-06-26 13:46:10'),(4610,'AMZN','2025-06-04',4426.38,4485.04,4404.91,4462.54,27725788,'2025-06-26 13:46:10'),(4611,'AMZN','2025-06-05',4113.09,4135.82,4077.89,4093.39,21672071,'2025-06-26 13:46:10'),(4612,'AMZN','2025-06-06',4277.75,4302.67,4204.32,4302.67,25845549,'2025-06-26 13:46:10'),(4613,'AMZN','2025-06-07',4263.92,4314.97,4242.32,4252.62,24404619,'2025-06-26 13:46:10'),(4614,'AMZN','2025-06-08',4227.79,4231.88,4187.99,4207.75,25121361,'2025-06-26 13:46:10'),(4615,'AMZN','2025-06-09',4308.44,4331.77,4224.10,4327.82,24968730,'2025-06-26 13:46:10'),(4616,'AMZN','2025-06-10',4227.40,4258.86,4174.10,4223.26,26810859,'2025-06-26 13:46:10'),(4617,'AMZN','2025-06-11',4382.06,4382.86,4358.69,4382.65,20666500,'2025-06-26 13:46:10'),(4618,'AMZN','2025-06-12',4244.73,4318.90,4207.09,4236.58,25633826,'2025-06-26 13:46:10'),(4619,'AMZN','2025-06-13',4338.64,4342.00,4282.85,4306.88,20619531,'2025-06-26 13:46:10'),(4620,'AMZN','2025-06-14',4328.84,4377.65,4268.81,4319.36,22183934,'2025-06-26 13:46:10'),(4621,'AMZN','2025-06-15',4315.21,4374.79,4246.86,4310.11,26001890,'2025-06-26 13:46:10'),(4622,'AMZN','2025-06-16',4201.13,4221.04,4170.88,4221.04,27274750,'2025-06-26 13:46:10'),(4623,'AMZN','2025-06-17',4323.50,4351.72,4247.40,4289.90,21526233,'2025-06-26 13:46:10'),(4624,'AMZN','2025-06-18',4222.16,4315.06,4185.40,4245.49,21950785,'2025-06-26 13:46:11'),(4625,'AMZN','2025-06-19',4236.85,4295.72,4159.07,4251.74,27811791,'2025-06-26 13:46:11'),(4626,'AMZN','2025-06-20',4297.38,4317.48,4256.15,4317.48,23555738,'2025-06-26 13:46:11'),(4627,'AMZN','2025-06-21',4265.57,4308.34,4235.39,4277.95,21810391,'2025-06-26 13:46:11'),(4628,'AMZN','2025-06-22',4297.07,4374.34,4257.39,4328.51,29669116,'2025-06-26 13:46:11'),(4629,'AMZN','2025-06-23',4307.19,4337.92,4255.11,4311.45,27230623,'2025-06-26 13:46:11'),(4630,'AMZN','2025-06-24',4258.18,4285.29,4206.08,4285.29,20950137,'2025-06-26 13:46:11'),(4631,'AMZN','2025-06-25',4240.34,4294.90,4176.75,4265.71,23253985,'2025-06-26 13:46:11'),(4632,'BABA','2025-05-27',91.77,93.01,90.15,91.97,35307554,'2025-06-26 13:46:11'),(4633,'BABA','2025-05-28',86.47,87.07,85.09,86.85,34783427,'2025-06-26 13:46:11'),(4634,'BABA','2025-05-29',84.46,85.20,82.98,84.30,26196023,'2025-06-26 13:46:11'),(4635,'BABA','2025-05-30',87.07,88.89,86.31,87.08,32285009,'2025-06-26 13:46:11'),(4636,'BABA','2025-05-31',87.02,87.02,85.97,86.69,31728485,'2025-06-26 13:46:11'),(4637,'BABA','2025-06-01',90.62,91.80,90.45,90.45,33544123,'2025-06-26 13:46:11'),(4638,'BABA','2025-06-02',83.31,84.96,81.71,83.42,29163960,'2025-06-26 13:46:11'),(4639,'BABA','2025-06-03',89.56,89.73,88.57,89.73,25952338,'2025-06-26 13:46:11'),(4640,'BABA','2025-06-04',85.71,86.55,85.71,85.84,26290721,'2025-06-26 13:46:11'),(4641,'BABA','2025-06-05',89.46,90.01,88.96,89.24,26699207,'2025-06-26 13:46:11'),(4642,'BABA','2025-06-06',88.55,90.06,87.02,88.10,30347754,'2025-06-26 13:46:12'),(4643,'BABA','2025-06-07',85.06,86.01,84.10,84.79,37376748,'2025-06-26 13:46:12'),(4644,'BABA','2025-06-08',87.00,88.80,87.00,87.05,33361365,'2025-06-26 13:46:12'),(4645,'BABA','2025-06-09',89.43,91.03,88.56,88.91,34046652,'2025-06-26 13:46:12'),(4646,'BABA','2025-06-10',85.56,86.99,85.27,85.96,34903420,'2025-06-26 13:46:12'),(4647,'BABA','2025-06-11',86.00,87.79,86.00,86.11,37133974,'2025-06-26 13:46:12'),(4648,'BABA','2025-06-12',87.49,88.98,86.34,87.62,27855189,'2025-06-26 13:46:12'),(4649,'BABA','2025-06-13',88.81,90.77,87.31,88.39,34497402,'2025-06-26 13:46:12'),(4650,'BABA','2025-06-14',87.67,87.77,86.12,87.26,29409503,'2025-06-26 13:46:12'),(4651,'BABA','2025-06-15',87.87,89.35,87.02,87.62,37135131,'2025-06-26 13:46:12'),(4652,'BABA','2025-06-16',86.75,87.43,85.95,86.76,36672653,'2025-06-26 13:46:12'),(4653,'BABA','2025-06-17',85.47,85.92,85.40,85.66,36891171,'2025-06-26 13:46:12'),(4655,'BABA','2025-06-18',88.30,88.57,86.67,87.94,25638490,'2025-06-26 13:46:12'),(4657,'BABA','2025-06-19',85.95,86.49,84.90,85.48,31403366,'2025-06-26 13:46:12'),(4659,'BABA','2025-06-20',87.35,88.68,86.53,87.89,28156395,'2025-06-26 13:46:12'),(4660,'BABA','2025-06-21',87.67,89.02,86.86,87.60,33049485,'2025-06-26 13:46:12'),(4661,'BABA','2025-06-22',86.20,87.45,85.55,86.58,27992517,'2025-06-26 13:46:12'),(4662,'BABA','2025-06-23',87.61,88.59,86.03,87.44,26549325,'2025-06-26 13:46:12'),(4663,'BABA','2025-06-24',86.95,87.96,86.45,86.45,31317089,'2025-06-26 13:46:13'),(4664,'BABA','2025-06-25',87.18,88.08,85.91,86.95,28991851,'2025-06-26 13:46:13'),(4665,'JNJ','2025-05-27',175.29,177.06,175.29,176.57,10378306,'2025-06-26 13:46:13'),(4666,'JNJ','2025-05-28',177.06,178.53,176.94,178.53,10906655,'2025-06-26 13:46:13'),(4667,'JNJ','2025-05-29',192.48,194.35,189.38,191.38,10951521,'2025-06-26 13:46:13'),(4668,'JNJ','2025-05-30',180.43,181.25,177.55,179.25,10491914,'2025-06-26 13:46:13'),(4669,'JNJ','2025-05-31',191.44,193.80,190.04,190.44,11090865,'2025-06-26 13:46:13'),(4670,'JNJ','2025-06-01',176.46,177.30,174.09,176.04,10131723,'2025-06-26 13:46:13'),(4671,'JNJ','2025-06-02',181.59,185.80,180.89,183.05,9670553,'2025-06-26 13:46:13'),(4672,'JNJ','2025-06-03',185.76,187.61,184.10,187.14,8814607,'2025-06-26 13:46:13'),(4673,'JNJ','2025-06-04',188.52,189.73,185.15,189.02,12155173,'2025-06-26 13:46:13'),(4674,'JNJ','2025-06-05',181.86,184.16,179.55,183.42,9311895,'2025-06-26 13:46:13'),(4675,'JNJ','2025-06-06',188.06,189.50,184.16,187.04,10889561,'2025-06-26 13:46:13'),(4676,'JNJ','2025-06-07',187.71,188.30,185.03,186.91,9927294,'2025-06-26 13:46:13'),(4677,'JNJ','2025-06-08',180.61,181.48,179.81,180.71,9033500,'2025-06-26 13:46:13'),(4678,'JNJ','2025-06-09',178.41,179.00,176.22,179.00,8584044,'2025-06-26 13:46:13'),(4679,'JNJ','2025-06-10',183.48,187.45,182.40,183.61,11702169,'2025-06-26 13:46:13'),(4680,'JNJ','2025-06-11',178.07,179.17,174.33,178.77,11622830,'2025-06-26 13:46:13'),(4681,'JNJ','2025-06-12',187.54,189.86,186.86,187.23,11239003,'2025-06-26 13:46:14'),(4682,'JNJ','2025-06-13',184.90,185.53,183.94,184.51,11569613,'2025-06-26 13:46:14'),(4683,'JNJ','2025-06-14',184.12,187.30,181.01,183.73,8832413,'2025-06-26 13:46:14'),(4684,'JNJ','2025-06-15',185.80,186.99,183.88,186.99,9637378,'2025-06-26 13:46:14'),(4685,'JNJ','2025-06-16',182.74,185.34,182.65,182.65,11191828,'2025-06-26 13:46:14'),(4686,'JNJ','2025-06-17',183.68,184.28,180.08,181.81,12204595,'2025-06-26 13:46:14'),(4687,'JNJ','2025-06-18',183.87,185.27,183.51,183.51,8814570,'2025-06-26 13:46:14'),(4688,'JNJ','2025-06-19',180.56,184.23,178.67,180.99,10364500,'2025-06-26 13:46:14'),(4689,'JNJ','2025-06-20',182.09,185.17,179.14,181.22,12089885,'2025-06-26 13:46:14'),(4690,'JNJ','2025-06-21',182.41,183.44,179.91,181.84,9971473,'2025-06-26 13:46:14'),(4691,'JNJ','2025-06-22',182.73,186.14,179.78,181.63,9461880,'2025-06-26 13:46:14'),(4692,'JNJ','2025-06-23',182.72,184.00,179.71,180.89,10888946,'2025-06-26 13:46:14'),(4693,'JNJ','2025-06-24',183.41,185.61,180.63,182.45,11361662,'2025-06-26 13:46:14'),(4694,'JNJ','2025-06-25',183.70,185.59,181.13,182.66,10952805,'2025-06-26 13:46:14'),(4695,'JPM','2025-05-27',271.38,275.11,268.58,272.26,18001177,'2025-06-26 13:46:14'),(4696,'JPM','2025-05-28',274.17,279.04,271.32,275.14,16503723,'2025-06-26 13:46:14'),(4697,'JPM','2025-05-29',267.96,272.56,263.95,270.15,17530520,'2025-06-26 13:46:14'),(4698,'JPM','2025-05-30',246.96,251.10,243.97,245.94,17595624,'2025-06-26 13:46:14'),(4699,'JPM','2025-05-31',270.36,272.20,266.39,270.01,20090453,'2025-06-26 13:46:15'),(4700,'JPM','2025-06-01',253.18,257.00,247.60,251.98,18319621,'2025-06-26 13:46:15'),(4701,'JPM','2025-06-02',270.01,275.16,266.27,272.24,18671922,'2025-06-26 13:46:15'),(4702,'JPM','2025-06-03',260.63,262.87,257.72,259.45,21395829,'2025-06-26 13:46:15'),(4703,'JPM','2025-06-04',268.24,272.13,268.24,270.69,20543247,'2025-06-26 13:46:15'),(4704,'JPM','2025-06-05',266.69,268.98,263.41,265.64,15771706,'2025-06-26 13:46:15'),(4705,'JPM','2025-06-06',261.74,266.11,258.96,263.06,17821114,'2025-06-26 13:46:15'),(4706,'JPM','2025-06-07',259.71,264.31,255.27,261.10,21919841,'2025-06-26 13:46:15'),(4707,'JPM','2025-06-08',269.62,272.31,265.11,267.01,17261257,'2025-06-26 13:46:15'),(4708,'JPM','2025-06-09',266.03,267.46,264.65,265.16,17678070,'2025-06-26 13:46:15'),(4709,'JPM','2025-06-10',256.91,257.15,254.22,256.17,15299341,'2025-06-26 13:46:15'),(4710,'JPM','2025-06-11',253.22,255.45,252.70,255.45,22117034,'2025-06-26 13:46:15'),(4711,'JPM','2025-06-12',265.88,269.99,262.90,267.00,22163301,'2025-06-26 13:46:15'),(4712,'JPM','2025-06-13',265.55,266.79,260.25,265.55,17714917,'2025-06-26 13:46:15'),(4713,'JPM','2025-06-14',264.31,266.04,260.82,263.18,19387679,'2025-06-26 13:46:15'),(4714,'JPM','2025-06-15',263.70,267.56,260.93,264.77,20716092,'2025-06-26 13:46:15'),(4715,'JPM','2025-06-16',259.03,262.44,254.41,261.20,21861279,'2025-06-26 13:46:15'),(4716,'JPM','2025-06-17',257.50,261.09,251.55,258.17,16419245,'2025-06-26 13:46:15'),(4717,'JPM','2025-06-18',256.56,258.89,250.97,256.05,16025944,'2025-06-26 13:46:16'),(4718,'JPM','2025-06-19',261.14,265.64,259.60,261.42,16864295,'2025-06-26 13:46:16'),(4719,'JPM','2025-06-20',260.02,260.07,256.43,260.07,21880462,'2025-06-26 13:46:16'),(4720,'JPM','2025-06-21',260.96,264.78,258.68,264.14,21584416,'2025-06-26 13:46:16'),(4721,'JPM','2025-06-22',257.60,261.07,253.96,260.28,15674013,'2025-06-26 13:46:16'),(4722,'JPM','2025-06-23',260.77,264.81,258.68,261.65,21750527,'2025-06-26 13:46:16'),(4723,'JPM','2025-06-24',259.69,262.53,256.97,259.08,19229135,'2025-06-26 13:46:16'),(4724,'JPM','2025-06-25',260.02,262.55,258.83,261.69,21185011,'2025-06-26 13:46:16'),(4725,'NFLX','2025-05-27',390.55,390.55,387.38,390.34,15692883,'2025-06-26 13:46:16'),(4726,'NFLX','2025-05-28',420.40,429.57,420.05,423.53,16214594,'2025-06-26 13:46:16'),(4727,'NFLX','2025-05-29',398.53,401.43,392.64,400.22,21270617,'2025-06-26 13:46:16'),(4728,'NFLX','2025-05-30',393.57,397.97,387.98,392.48,17201257,'2025-06-26 13:46:16'),(4729,'NFLX','2025-05-31',423.78,430.41,420.34,426.70,16251880,'2025-06-26 13:46:16'),(4730,'NFLX','2025-06-01',412.10,413.92,402.83,407.91,20167116,'2025-06-26 13:46:16'),(4731,'NFLX','2025-06-02',410.95,411.83,407.81,408.71,15392047,'2025-06-26 13:46:16'),(4732,'NFLX','2025-06-03',384.62,392.90,382.58,385.60,21787973,'2025-06-26 13:46:17'),(4733,'NFLX','2025-06-04',404.89,410.62,402.45,406.39,21373997,'2025-06-26 13:46:17'),(4734,'NFLX','2025-06-05',393.33,396.16,389.74,394.03,15574705,'2025-06-26 13:46:17'),(4735,'NFLX','2025-06-06',392.09,396.42,388.96,388.96,19406329,'2025-06-26 13:46:17'),(4736,'NFLX','2025-06-07',393.52,395.82,388.75,395.82,20981455,'2025-06-26 13:46:17'),(4737,'NFLX','2025-06-08',413.70,413.70,410.35,413.43,21497510,'2025-06-26 13:46:17'),(4738,'NFLX','2025-06-09',405.44,407.43,405.07,405.07,21774072,'2025-06-26 13:46:17'),(4739,'NFLX','2025-06-10',401.13,401.13,393.34,398.28,16549075,'2025-06-26 13:46:17'),(4740,'NFLX','2025-06-11',404.72,410.17,400.70,403.51,22344634,'2025-06-26 13:46:17'),(4741,'NFLX','2025-06-12',414.14,415.29,405.00,413.82,16710098,'2025-06-26 13:46:17'),(4742,'NFLX','2025-06-13',402.95,403.88,393.55,402.33,19197542,'2025-06-26 13:46:17'),(4744,'NFLX','2025-06-14',397.64,402.60,397.64,400.85,15700735,'2025-06-26 13:46:17'),(4746,'NFLX','2025-06-15',409.42,411.69,404.67,411.16,15390430,'2025-06-26 13:46:17'),(4748,'NFLX','2025-06-16',401.78,401.78,396.64,399.86,19694722,'2025-06-26 13:46:17'),(4749,'NFLX','2025-06-17',399.13,402.62,393.10,400.00,16316422,'2025-06-26 13:46:17'),(4750,'NFLX','2025-06-18',408.28,408.28,401.06,405.73,16818286,'2025-06-26 13:46:17'),(4751,'NFLX','2025-06-19',406.71,411.50,401.34,402.23,18269990,'2025-06-26 13:46:18'),(4752,'NFLX','2025-06-20',400.15,406.35,398.69,402.12,20736266,'2025-06-26 13:46:18'),(4753,'NFLX','2025-06-21',408.13,412.31,402.64,404.39,16565842,'2025-06-26 13:46:18'),(4754,'NFLX','2025-06-22',401.86,402.14,393.82,402.14,16457512,'2025-06-26 13:46:18'),(4755,'NFLX','2025-06-23',400.85,405.29,396.02,401.85,20814654,'2025-06-26 13:46:18'),(4756,'NFLX','2025-06-24',403.84,411.05,401.74,405.58,19675495,'2025-06-26 13:46:18'),(4757,'NFLX','2025-06-25',405.70,407.21,401.69,401.69,18510019,'2025-06-26 13:46:18'),(4758,'NVDA','2025-05-27',1095.13,1116.79,1095.13,1103.08,55210668,'2025-06-26 13:46:18'),(4759,'NVDA','2025-05-28',1067.28,1084.70,1055.91,1073.48,46794332,'2025-06-26 13:46:18'),(4760,'NVDA','2025-05-29',1080.21,1089.32,1078.14,1088.72,55408855,'2025-06-26 13:46:18'),(4761,'NVDA','2025-05-30',1178.21,1181.03,1162.25,1171.22,46065411,'2025-06-26 13:46:18'),(4762,'NVDA','2025-05-31',1127.81,1136.61,1111.67,1128.28,61272668,'2025-06-26 13:46:18'),(4763,'NVDA','2025-06-01',1164.23,1173.42,1154.70,1154.70,52830473,'2025-06-26 13:46:18'),(4764,'NVDA','2025-06-02',1109.16,1115.08,1106.54,1107.68,45828198,'2025-06-26 13:46:18'),(4765,'NVDA','2025-06-03',1115.59,1130.05,1107.46,1124.00,46274190,'2025-06-26 13:46:18'),(4766,'NVDA','2025-06-04',1079.70,1096.61,1063.79,1074.25,63458446,'2025-06-26 13:46:18'),(4767,'NVDA','2025-06-05',1133.41,1144.71,1121.69,1123.06,63708463,'2025-06-26 13:46:19'),(4768,'NVDA','2025-06-06',1085.55,1105.16,1082.28,1088.10,55789271,'2025-06-26 13:46:19'),(4769,'NVDA','2025-06-07',1129.29,1154.21,1121.54,1127.81,59986487,'2025-06-26 13:46:19'),(4770,'NVDA','2025-06-08',1154.75,1158.86,1152.73,1152.73,51741874,'2025-06-26 13:46:19'),(4771,'NVDA','2025-06-09',1140.53,1163.22,1131.94,1152.17,57670066,'2025-06-26 13:46:19'),(4772,'NVDA','2025-06-10',1130.67,1148.31,1111.28,1131.18,52933510,'2025-06-26 13:46:19'),(4773,'NVDA','2025-06-11',1157.47,1178.68,1140.71,1147.47,54911874,'2025-06-26 13:46:19'),(4774,'NVDA','2025-06-12',1099.62,1121.68,1097.26,1101.08,47561195,'2025-06-26 13:46:19'),(4775,'NVDA','2025-06-13',1099.14,1103.46,1096.69,1103.46,60248397,'2025-06-26 13:46:19'),(4776,'NVDA','2025-06-14',1114.91,1131.85,1112.86,1124.73,66508916,'2025-06-26 13:46:19'),(4777,'NVDA','2025-06-15',1128.69,1142.83,1111.44,1134.49,54797187,'2025-06-26 13:46:19'),(4778,'NVDA','2025-06-16',1123.03,1132.22,1105.08,1127.82,55535772,'2025-06-26 13:46:19'),(4779,'NVDA','2025-06-17',1111.76,1131.25,1093.84,1117.72,67369142,'2025-06-26 13:46:19'),(4780,'NVDA','2025-06-18',1142.73,1159.13,1124.28,1140.11,49006400,'2025-06-26 13:46:19'),(4781,'NVDA','2025-06-19',1134.51,1150.55,1127.32,1131.23,48204993,'2025-06-26 13:46:19'),(4782,'NVDA','2025-06-20',1120.49,1135.73,1101.93,1111.22,51604893,'2025-06-26 13:46:19'),(4783,'NVDA','2025-06-21',1110.99,1126.82,1100.39,1112.34,46846340,'2025-06-26 13:46:19'),(4784,'NVDA','2025-06-22',1110.17,1135.50,1102.66,1118.19,53963470,'2025-06-26 13:46:20'),(4785,'NVDA','2025-06-23',1130.52,1139.97,1110.58,1133.19,55382834,'2025-06-26 13:46:20'),(4786,'NVDA','2025-06-24',1124.57,1124.57,1117.54,1117.58,49157296,'2025-06-26 13:46:20'),(4787,'NVDA','2025-06-25',1126.70,1145.55,1115.45,1130.38,45848888,'2025-06-26 13:46:20'),(4788,'PG','2025-05-27',155.42,157.71,152.74,153.81,9660544,'2025-06-26 13:46:20'),(4789,'PG','2025-05-28',157.63,160.71,157.45,158.10,9438089,'2025-06-26 13:46:20'),(4790,'PG','2025-05-29',147.38,148.41,146.58,146.58,8185266,'2025-06-26 13:46:20'),(4791,'PG','2025-05-30',155.38,157.56,153.07,155.41,8990485,'2025-06-26 13:46:20'),(4792,'PG','2025-05-31',149.38,151.09,148.28,149.05,7833619,'2025-06-26 13:46:20'),(4793,'PG','2025-06-01',161.24,162.00,160.47,162.00,8766624,'2025-06-26 13:46:20'),(4794,'PG','2025-06-02',153.21,153.63,151.75,153.37,8523395,'2025-06-26 13:46:20'),(4795,'PG','2025-06-03',152.93,152.99,152.18,152.70,9607171,'2025-06-26 13:46:20'),(4796,'PG','2025-06-04',150.67,150.92,149.32,150.29,8546018,'2025-06-26 13:46:20'),(4797,'PG','2025-06-05',156.50,157.46,155.08,155.08,11460472,'2025-06-26 13:46:20'),(4798,'PG','2025-06-06',149.50,150.89,149.14,150.89,10483269,'2025-06-26 13:46:20'),(4799,'PG','2025-06-07',157.70,160.60,155.54,158.02,10994747,'2025-06-26 13:46:20'),(4800,'PG','2025-06-08',153.14,155.77,150.91,152.25,9843340,'2025-06-26 13:46:21'),(4801,'PG','2025-06-09',153.56,154.23,152.47,153.76,9332283,'2025-06-26 13:46:21'),(4802,'PG','2025-06-10',151.05,152.96,150.42,151.31,9557985,'2025-06-26 13:46:21'),(4803,'PG','2025-06-11',156.65,158.88,153.63,155.49,11436672,'2025-06-26 13:46:21'),(4804,'PG','2025-06-12',153.46,155.96,151.67,155.07,8661328,'2025-06-26 13:46:21'),(4805,'PG','2025-06-13',153.79,154.69,153.52,154.58,11028578,'2025-06-26 13:46:21'),(4806,'PG','2025-06-14',153.00,155.55,151.87,152.74,8947466,'2025-06-26 13:46:21'),(4807,'PG','2025-06-15',155.74,156.81,152.52,155.03,11209823,'2025-06-26 13:46:21'),(4808,'PG','2025-06-16',151.93,154.28,149.71,151.81,8396017,'2025-06-26 13:46:21'),(4809,'PG','2025-06-17',153.74,154.93,152.64,154.57,8699554,'2025-06-26 13:46:21'),(4810,'PG','2025-06-18',156.61,157.60,154.81,155.06,10750649,'2025-06-26 13:46:21'),(4811,'PG','2025-06-19',156.01,157.76,152.59,154.86,9884568,'2025-06-26 13:46:21'),(4812,'PG','2025-06-20',155.45,157.13,153.77,156.06,8363876,'2025-06-26 13:46:21'),(4813,'PG','2025-06-21',156.14,157.85,153.98,156.50,7971409,'2025-06-26 13:46:21'),(4814,'PG','2025-06-22',155.12,158.11,153.33,154.94,8278185,'2025-06-26 13:46:21'),(4815,'PG','2025-06-23',154.31,155.10,153.73,153.73,8403012,'2025-06-26 13:46:21'),(4816,'PG','2025-06-24',155.50,156.42,152.82,154.75,10944250,'2025-06-26 13:46:22'),(4817,'PG','2025-06-25',155.15,156.25,152.20,154.66,9778491,'2025-06-26 13:46:22'),(4818,'V','2025-05-27',155.19,156.98,154.18,154.18,10307794,'2025-06-26 13:46:22'),(4819,'V','2025-05-28',161.27,163.51,161.27,162.28,10005027,'2025-06-26 13:46:22'),(4820,'V','2025-05-29',154.90,155.85,152.60,153.89,12828333,'2025-06-26 13:46:22'),(4821,'V','2025-05-30',149.88,151.24,148.36,149.53,11820427,'2025-06-26 13:46:22'),(4822,'V','2025-05-31',154.34,158.10,152.23,155.53,12663256,'2025-06-26 13:46:22'),(4823,'V','2025-06-01',160.58,162.50,159.52,159.73,11083317,'2025-06-26 13:46:22'),(4824,'V','2025-06-02',166.00,166.84,163.80,166.84,13626876,'2025-06-26 13:46:22'),(4825,'V','2025-06-03',162.90,164.31,161.23,161.80,10693875,'2025-06-26 13:46:23'),(4827,'V','2025-06-04',153.65,155.04,152.77,153.83,10886441,'2025-06-26 13:46:23'),(4829,'V','2025-06-05',155.29,156.60,154.63,154.74,12528982,'2025-06-26 13:46:23'),(4831,'V','2025-06-06',161.08,163.03,158.68,160.70,10996835,'2025-06-26 13:46:23'),(4832,'V','2025-06-07',162.43,162.66,161.12,161.12,12314186,'2025-06-26 13:46:23'),(4833,'V','2025-06-08',153.33,154.53,153.33,153.80,13548750,'2025-06-26 13:46:23'),(4834,'V','2025-06-09',163.20,165.52,161.63,162.51,14565653,'2025-06-26 13:46:23'),(4835,'V','2025-06-10',157.37,159.05,155.46,156.84,10834129,'2025-06-26 13:46:23'),(4836,'V','2025-06-11',157.86,157.86,156.45,157.67,14091565,'2025-06-26 13:46:23'),(4837,'V','2025-06-12',157.05,158.35,154.88,157.81,13800298,'2025-06-26 13:46:23'),(4838,'V','2025-06-13',155.62,157.04,155.10,157.04,12212786,'2025-06-26 13:46:23'),(4839,'V','2025-06-14',159.21,161.40,157.89,158.21,14341820,'2025-06-26 13:46:23'),(4840,'V','2025-06-15',161.66,163.57,159.57,162.46,10388238,'2025-06-26 13:46:23'),(4841,'V','2025-06-16',156.06,158.97,153.57,156.94,11455606,'2025-06-26 13:46:23'),(4842,'V','2025-06-17',159.51,161.42,159.38,160.04,10523182,'2025-06-26 13:46:23'),(4843,'V','2025-06-18',160.49,162.65,158.77,158.77,11568140,'2025-06-26 13:46:24'),(4844,'V','2025-06-19',158.81,159.61,156.02,159.46,13247030,'2025-06-26 13:46:24'),(4845,'V','2025-06-20',156.82,157.97,155.98,157.97,14116468,'2025-06-26 13:46:24'),(4846,'V','2025-06-21',156.89,158.54,154.50,158.48,10182671,'2025-06-26 13:46:24'),(4847,'V','2025-06-22',156.60,158.17,154.95,158.17,14947637,'2025-06-26 13:46:24'),(4848,'V','2025-06-23',157.29,160.25,156.34,158.31,13084389,'2025-06-26 13:46:24'),(4849,'V','2025-06-24',157.69,160.58,156.89,156.95,11769124,'2025-06-26 13:46:24'),(4850,'V','2025-06-25',157.06,160.76,155.15,158.46,12012953,'2025-06-26 13:46:24'),(4851,'WMT','2025-05-27',156.53,157.98,156.28,157.70,12126671,'2025-06-26 13:46:24'),(4852,'WMT','2025-05-28',168.55,168.97,168.36,168.75,10894326,'2025-06-26 13:46:24'),(4853,'WMT','2025-05-29',170.60,171.61,169.03,171.49,9937743,'2025-06-26 13:46:24'),(4854,'WMT','2025-05-30',165.44,165.44,164.13,164.13,9894913,'2025-06-26 13:46:24'),(4855,'WMT','2025-05-31',172.48,173.74,168.92,173.11,12406129,'2025-06-26 13:46:24'),(4856,'WMT','2025-06-01',157.28,159.79,154.32,156.22,10090896,'2025-06-26 13:46:24'),(4857,'WMT','2025-06-02',158.72,159.93,156.17,158.43,12195136,'2025-06-26 13:46:24'),(4858,'WMT','2025-06-03',167.89,170.41,167.81,169.14,11192784,'2025-06-26 13:46:24'),(4859,'WMT','2025-06-04',167.11,169.94,165.79,166.54,11529390,'2025-06-26 13:46:24'),(4860,'WMT','2025-06-05',160.90,163.25,158.33,160.69,11864477,'2025-06-26 13:46:24'),(4861,'WMT','2025-06-06',163.54,166.54,161.84,165.22,11889607,'2025-06-26 13:46:25'),(4862,'WMT','2025-06-07',166.98,168.29,163.45,165.66,12684482,'2025-06-26 13:46:25'),(4863,'WMT','2025-06-08',161.67,163.49,159.81,163.49,13455400,'2025-06-26 13:46:25'),(4864,'WMT','2025-06-09',162.93,163.87,161.49,162.67,10445640,'2025-06-26 13:46:25'),(4865,'WMT','2025-06-10',159.88,159.88,158.05,159.39,9519201,'2025-06-26 13:46:25'),(4866,'WMT','2025-06-11',162.74,165.81,160.78,163.82,12183001,'2025-06-26 13:46:25'),(4867,'WMT','2025-06-12',161.22,162.58,160.51,160.80,13209464,'2025-06-26 13:46:25'),(4868,'WMT','2025-06-13',164.15,165.42,162.32,164.58,12424825,'2025-06-26 13:46:25'),(4869,'WMT','2025-06-14',165.26,169.14,164.50,167.01,10653436,'2025-06-26 13:46:25'),(4870,'WMT','2025-06-15',162.91,163.39,159.20,161.83,9374870,'2025-06-26 13:46:25'),(4871,'WMT','2025-06-16',161.67,161.97,159.58,161.07,11903541,'2025-06-26 13:46:25'),(4872,'WMT','2025-06-17',165.87,166.51,164.30,165.09,10552795,'2025-06-26 13:46:25'),(4873,'WMT','2025-06-18',162.40,163.71,160.58,160.58,10678269,'2025-06-26 13:46:25'),(4874,'WMT','2025-06-19',162.85,163.60,162.19,163.13,10634197,'2025-06-26 13:46:25'),(4875,'WMT','2025-06-20',162.47,162.50,161.64,161.64,10140027,'2025-06-26 13:46:25'),(4876,'WMT','2025-06-21',163.49,163.49,162.89,163.35,12556118,'2025-06-26 13:46:25'),(4877,'WMT','2025-06-22',164.13,165.63,161.47,164.96,12925858,'2025-06-26 13:46:25'),(4878,'WMT','2025-06-23',164.44,167.47,164.44,165.95,9990684,'2025-06-26 13:46:25'),(4879,'WMT','2025-06-24',163.26,164.13,163.26,163.68,9346269,'2025-06-26 13:46:25'),(4880,'WMT','2025-06-25',163.77,167.23,161.26,163.76,11129962,'2025-06-26 13:46:26'),(4881,'TSLA','2025-05-27',198.50,205.30,194.80,202.20,42345600,'2025-06-26 13:46:26'),(4882,'TSLA','2025-05-28',202.20,208.40,199.90,206.80,38234500,'2025-06-26 13:46:26'),(4883,'TSLA','2025-05-29',206.80,212.20,204.30,210.10,49765400,'2025-06-26 13:46:26'),(4884,'TSLA','2025-05-30',210.10,216.60,207.40,214.90,52187300,'2025-06-26 13:46:26'),(4885,'TSLA','2025-05-31',214.90,220.30,212.20,218.70,47654200,'2025-06-26 13:46:26'),(4886,'TSLA','2025-06-01',218.70,224.90,216.10,222.40,55432100,'2025-06-26 13:46:26'),(4887,'TSLA','2025-06-02',222.40,228.80,220.30,226.20,48976500,'2025-06-26 13:46:26'),(4888,'TSLA','2025-06-03',226.20,232.50,224.10,230.60,51234700,'2025-06-26 13:46:26'),(4889,'TSLA','2025-06-04',230.60,236.30,228.40,234.90,46543200,'2025-06-26 13:46:26'),(4890,'TSLA','2025-06-05',234.90,240.70,232.80,238.50,54876300,'2025-06-26 13:46:26'),(4891,'TSLA','2025-06-06',238.50,244.20,236.20,242.80,48654300,'2025-06-26 13:46:26'),(4892,'TSLA','2025-06-07',242.80,248.50,240.90,246.40,52187400,'2025-06-26 13:46:26'),(4893,'TSLA','2025-06-08',246.40,252.10,244.30,250.70,49543600,'2025-06-26 13:46:26'),(4894,'TSLA','2025-06-09',250.70,256.20,248.80,254.30,51876500,'2025-06-26 13:46:26'),(4895,'TSLA','2025-06-10',254.30,260.40,252.50,258.80,48765400,'2025-06-26 13:46:26'),(4896,'TSLA','2025-06-11',258.80,264.90,256.60,262.50,54321700,'2025-06-26 13:46:26'),(4897,'TSLA','2025-06-12',262.50,268.30,260.20,266.40,47654800,'2025-06-26 13:46:26'),(4898,'TSLA','2025-06-13',266.40,272.60,264.10,270.20,52456300,'2025-06-26 13:46:26'),(4899,'TSLA','2025-06-14',270.20,276.80,268.30,274.50,49876500,'2025-06-26 13:46:26'),(4900,'TSLA','2025-06-15',274.50,280.40,272.60,278.30,51234800,'2025-06-26 13:46:26'),(4901,'TSLA','2025-06-16',278.30,284.70,276.40,282.90,48543600,'2025-06-26 13:46:26'),(4902,'TSLA','2025-06-17',282.90,288.50,280.80,286.60,54567200,'2025-06-26 13:46:26'),(4903,'TSLA','2025-06-18',286.60,292.30,284.40,290.80,47234500,'2025-06-26 13:46:26'),(4904,'TSLA','2025-06-19',290.80,296.90,288.90,294.40,52876300,'2025-06-26 13:46:26');
/*!40000 ALTER TABLE `historical_prices` ENABLE KEYS */;
UNLOCK TABLES;

--
-- Table structure for table `markets`
--

DROP TABLE IF EXISTS `markets`;
/*!40101 SET @saved_cs_client     = @@character_set_client */;
/*!50503 SET character_set_client = utf8mb4 */;
CREATE TABLE `markets` (
  `id` int NOT NULL AUTO_INCREMENT,
  `name` varchar(50) NOT NULL,
  `timezone` varchar(50) NOT NULL,
  `open_time` time NOT NULL,
  `close_time` time NOT NULL,
  `trading_days` varchar(20) DEFAULT 'MON-FRI',
  `is_active` tinyint(1) DEFAULT '1',
  `created_at` timestamp NULL DEFAULT CURRENT_TIMESTAMP,
  PRIMARY KEY (`id`),
  UNIQUE KEY `name` (`name`),
  KEY `idx_name` (`name`),
  KEY `idx_is_active` (`is_active`)
) ENGINE=InnoDB AUTO_INCREMENT=5 DEFAULT CHARSET=utf8mb4 COLLATE=utf8mb4_0900_ai_ci;
/*!40101 SET character_set_client = @saved_cs_client */;

--
-- Dumping data for table `markets`
--

LOCK TABLES `markets` WRITE;
/*!40000 ALTER TABLE `markets` DISABLE KEYS */;
INSERT INTO `markets` VALUES (1,'NYSE','America/New_York','09:30:00','16:00:00','MON-FRI',1,'2025-06-26 09:25:18'),(2,'NASDAQ','America/New_York','09:30:00','16:00:00','MON-FRI',1,'2025-06-26 09:25:18'),(3,'FOREX','UTC','00:00:00','23:59:59','MON-FRI',1,'2025-06-26 09:25:18'),(4,'CRYPTO','UTC','00:00:00','23:59:59','MON-SUN',1,'2025-06-26 09:25:18');
/*!40000 ALTER TABLE `markets` ENABLE KEYS */;
UNLOCK TABLES;

--
-- Table structure for table `oco_orders`
--

DROP TABLE IF EXISTS `oco_orders`;
/*!40101 SET @saved_cs_client     = @@character_set_client */;
/*!50503 SET character_set_client = utf8mb4 */;
CREATE TABLE `oco_orders` (
  `id` int NOT NULL AUTO_INCREMENT,
  `group_id` varchar(50) NOT NULL,
  `user_id` int NOT NULL,
  `primary_order_id` int NOT NULL,
  `secondary_order_id` int NOT NULL,
  `status` enum('ACTIVE','TRIGGERED','CANCELLED') DEFAULT 'ACTIVE',
  `created_at` timestamp NULL DEFAULT CURRENT_TIMESTAMP,
  `updated_at` timestamp NULL DEFAULT CURRENT_TIMESTAMP ON UPDATE CURRENT_TIMESTAMP,
  PRIMARY KEY (`id`),
  UNIQUE KEY `group_id` (`group_id`),
  KEY `primary_order_id` (`primary_order_id`),
  KEY `secondary_order_id` (`secondary_order_id`),
  KEY `idx_user_id` (`user_id`),
  KEY `idx_group_id` (`group_id`),
  KEY `idx_status` (`status`),
  CONSTRAINT `oco_orders_ibfk_1` FOREIGN KEY (`user_id`) REFERENCES `users` (`id`) ON DELETE CASCADE,
  CONSTRAINT `oco_orders_ibfk_2` FOREIGN KEY (`primary_order_id`) REFERENCES `advanced_orders` (`id`) ON DELETE CASCADE,
  CONSTRAINT `oco_orders_ibfk_3` FOREIGN KEY (`secondary_order_id`) REFERENCES `advanced_orders` (`id`) ON DELETE CASCADE
) ENGINE=InnoDB DEFAULT CHARSET=utf8mb4 COLLATE=utf8mb4_0900_ai_ci;
/*!40101 SET character_set_client = @saved_cs_client */;

--
-- Dumping data for table `oco_orders`
--

LOCK TABLES `oco_orders` WRITE;
/*!40000 ALTER TABLE `oco_orders` DISABLE KEYS */;
/*!40000 ALTER TABLE `oco_orders` ENABLE KEYS */;
UNLOCK TABLES;

--
-- Table structure for table `portfolio`
--

DROP TABLE IF EXISTS `portfolio`;
/*!40101 SET @saved_cs_client     = @@character_set_client */;
/*!50503 SET character_set_client = utf8mb4 */;
CREATE TABLE `portfolio` (
  `id` int NOT NULL AUTO_INCREMENT,
  `user_id` int NOT NULL,
  `stock_symbol` varchar(10) NOT NULL,
  `quantity` int NOT NULL DEFAULT '0',
  `average_price` decimal(10,2) NOT NULL,
  `total_cost` decimal(15,2) NOT NULL DEFAULT '0.00',
  `updated_at` timestamp NULL DEFAULT CURRENT_TIMESTAMP ON UPDATE CURRENT_TIMESTAMP,
  PRIMARY KEY (`id`),
  UNIQUE KEY `unique_user_stock` (`user_id`,`stock_symbol`),
  KEY `idx_user_id` (`user_id`),
  KEY `idx_portfolio_user_symbol` (`user_id`,`stock_symbol`),
  CONSTRAINT `portfolio_ibfk_1` FOREIGN KEY (`user_id`) REFERENCES `users` (`id`) ON DELETE CASCADE
) ENGINE=InnoDB AUTO_INCREMENT=11 DEFAULT CHARSET=utf8mb4 COLLATE=utf8mb4_0900_ai_ci;
/*!40101 SET character_set_client = @saved_cs_client */;

--
-- Dumping data for table `portfolio`
--

LOCK TABLES `portfolio` WRITE;
/*!40000 ALTER TABLE `portfolio` DISABLE KEYS */;
INSERT INTO `portfolio` VALUES (1,2,'AAPL',50,145.00,7250.00,'2025-06-26 09:25:18'),(2,2,'GOOGL',5,2750.00,13750.00,'2025-06-26 09:25:18'),(3,2,'TSLA',10,780.00,7800.00,'2025-06-26 09:25:18'),(4,3,'MSFT',25,290.00,7250.00,'2025-06-26 09:25:18'),(5,3,'NVDA',15,420.00,6300.00,'2025-06-26 09:25:18'),(6,3,'META',20,310.00,6200.00,'2025-06-26 09:25:18'),(7,4,'AAPL',20,148.00,2960.00,'2025-06-26 09:25:18'),(8,4,'AMZN',2,3100.00,6200.00,'2025-06-26 09:25:18'),(10,5,'AMZN',5,3982.07,19910.35,'2025-06-26 13:38:35');
/*!40000 ALTER TABLE `portfolio` ENABLE KEYS */;
UNLOCK TABLES;

--
-- Table structure for table `price_alerts`
--

DROP TABLE IF EXISTS `price_alerts`;
/*!40101 SET @saved_cs_client     = @@character_set_client */;
/*!50503 SET character_set_client = utf8mb4 */;
CREATE TABLE `price_alerts` (
  `id` int NOT NULL AUTO_INCREMENT,
  `user_id` int NOT NULL,
  `symbol` varchar(10) NOT NULL,
  `alert_type` enum('ABOVE','BELOW','CHANGE_PERCENT') NOT NULL,
  `trigger_price` decimal(10,2) DEFAULT NULL,
  `trigger_percent` decimal(5,2) DEFAULT NULL,
  `current_price` decimal(10,2) NOT NULL,
  `is_triggered` tinyint(1) DEFAULT '0',
  `triggered_at` timestamp NULL DEFAULT NULL,
  `is_active` tinyint(1) DEFAULT '1',
  `created_at` timestamp NULL DEFAULT CURRENT_TIMESTAMP,
  `updated_at` timestamp NULL DEFAULT CURRENT_TIMESTAMP ON UPDATE CURRENT_TIMESTAMP,
  PRIMARY KEY (`id`),
  KEY `idx_user` (`user_id`),
  KEY `idx_symbol` (`symbol`),
  KEY `idx_active` (`is_active`),
  KEY `idx_triggered` (`is_triggered`),
  CONSTRAINT `price_alerts_ibfk_1` FOREIGN KEY (`user_id`) REFERENCES `users` (`id`) ON DELETE CASCADE
) ENGINE=InnoDB DEFAULT CHARSET=utf8mb4 COLLATE=utf8mb4_0900_ai_ci;
/*!40101 SET character_set_client = @saved_cs_client */;

--
-- Dumping data for table `price_alerts`
--

LOCK TABLES `price_alerts` WRITE;
/*!40000 ALTER TABLE `price_alerts` DISABLE KEYS */;
/*!40000 ALTER TABLE `price_alerts` ENABLE KEYS */;
UNLOCK TABLES;

--
-- Table structure for table `stocks`
--

DROP TABLE IF EXISTS `stocks`;
/*!40101 SET @saved_cs_client     = @@character_set_client */;
/*!50503 SET character_set_client = utf8mb4 */;
CREATE TABLE `stocks` (
  `id` int NOT NULL AUTO_INCREMENT,
  `symbol` varchar(10) NOT NULL,
  `name` varchar(100) NOT NULL,
  `current_price` decimal(10,2) NOT NULL,
  `previous_close` decimal(10,2) NOT NULL,
  `market_cap` bigint DEFAULT NULL,
  `volume` bigint DEFAULT '0',
  `updated_at` timestamp NULL DEFAULT CURRENT_TIMESTAMP ON UPDATE CURRENT_TIMESTAMP,
  PRIMARY KEY (`id`),
  UNIQUE KEY `symbol` (`symbol`),
  KEY `idx_symbol` (`symbol`)
) ENGINE=InnoDB AUTO_INCREMENT=16 DEFAULT CHARSET=utf8mb4 COLLATE=utf8mb4_0900_ai_ci;
/*!40101 SET character_set_client = @saved_cs_client */;

--
-- Dumping data for table `stocks`
--

LOCK TABLES `stocks` WRITE;
/*!40000 ALTER TABLE `stocks` DISABLE KEYS */;
INSERT INTO `stocks` VALUES (1,'AAPL','Apple Inc.',120.08,148.75,2500000000000,52000000,'2025-06-26 14:15:37'),(2,'GOOGL','Alphabet Inc.',2967.61,2798.20,1800000000000,28000000,'2025-06-26 14:15:37'),(3,'MSFT','Microsoft Corporation',294.47,298.45,2200000000000,35000000,'2025-06-26 14:15:37'),(4,'AMZN','Amazon.com Inc.',3324.53,3180.25,1600000000000,22000000,'2025-06-26 14:15:37'),(5,'TSLA','Tesla Inc.',865.69,795.60,800000000000,45000000,'2025-06-26 14:15:37'),(6,'META','Meta Platforms Inc.',234.68,320.15,850000000000,38000000,'2025-06-26 14:15:37'),(7,'NVDA','NVIDIA Corporation',943.91,448.25,1100000000000,48000000,'2025-06-26 14:15:37'),(8,'NFLX','Netflix Inc.',352.41,398.75,180000000000,18000000,'2025-06-26 14:15:37'),(9,'BABA','Alibaba Group',120.52,89.85,240000000000,28000000,'2025-06-26 14:15:37'),(10,'V','Visa Inc.',269.48,221.40,480000000000,12000000,'2025-06-26 14:15:37'),(11,'JPM','JPMorgan Chase & Co.',188.11,162.30,485000000000,15000000,'2025-06-26 14:15:37'),(12,'JNJ','Johnson & Johnson',141.84,173.80,460000000000,8500000,'2025-06-26 14:15:37'),(13,'WMT','Walmart Inc.',131.44,144.25,400000000000,9200000,'2025-06-26 14:15:37'),(14,'PG','Procter & Gamble',126.75,153.95,372000000000,7800000,'2025-06-26 14:15:37'),(15,'UNH','UnitedHealth Group',490.57,515.20,490000000000,6500000,'2025-06-26 14:15:37');
/*!40000 ALTER TABLE `stocks` ENABLE KEYS */;
UNLOCK TABLES;

--
-- Table structure for table `trading_sessions`
--

DROP TABLE IF EXISTS `trading_sessions`;
/*!40101 SET @saved_cs_client     = @@character_set_client */;
/*!50503 SET character_set_client = utf8mb4 */;
CREATE TABLE `trading_sessions` (
  `id` int NOT NULL AUTO_INCREMENT,
  `market_id` int NOT NULL,
  `type` enum('PRE_MARKET','REGULAR','AFTER_HOURS','OVERNIGHT') NOT NULL,
  `start_time` time NOT NULL,
  `end_time` time NOT NULL,
  `days_of_week` json NOT NULL,
  `is_active` tinyint(1) DEFAULT '1',
  `created_at` timestamp NULL DEFAULT CURRENT_TIMESTAMP,
  `updated_at` timestamp NULL DEFAULT CURRENT_TIMESTAMP ON UPDATE CURRENT_TIMESTAMP,
  PRIMARY KEY (`id`),
  KEY `idx_market` (`market_id`),
  KEY `idx_type` (`type`),
  KEY `idx_active` (`is_active`),
  CONSTRAINT `trading_sessions_ibfk_1` FOREIGN KEY (`market_id`) REFERENCES `markets` (`id`) ON DELETE CASCADE
) ENGINE=InnoDB DEFAULT CHARSET=utf8mb4 COLLATE=utf8mb4_0900_ai_ci;
/*!40101 SET character_set_client = @saved_cs_client */;

--
-- Dumping data for table `trading_sessions`
--

LOCK TABLES `trading_sessions` WRITE;
/*!40000 ALTER TABLE `trading_sessions` DISABLE KEYS */;
/*!40000 ALTER TABLE `trading_sessions` ENABLE KEYS */;
UNLOCK TABLES;

--
-- Table structure for table `transactions`
--

DROP TABLE IF EXISTS `transactions`;
/*!40101 SET @saved_cs_client     = @@character_set_client */;
/*!50503 SET character_set_client = utf8mb4 */;
CREATE TABLE `transactions` (
  `id` int NOT NULL AUTO_INCREMENT,
  `user_id` int NOT NULL,
  `stock_symbol` varchar(10) NOT NULL,
  `transaction_type` enum('buy','sell') NOT NULL,
  `quantity` int NOT NULL,
  `price` decimal(10,2) NOT NULL,
  `total_amount` decimal(15,2) NOT NULL,
  `created_at` timestamp NULL DEFAULT CURRENT_TIMESTAMP,
  PRIMARY KEY (`id`),
  KEY `idx_user_id` (`user_id`),
  KEY `idx_stock_symbol` (`stock_symbol`),
  KEY `idx_created_at` (`created_at`),
  KEY `idx_transactions_user_date` (`user_id`,`created_at` DESC),
  CONSTRAINT `transactions_ibfk_1` FOREIGN KEY (`user_id`) REFERENCES `users` (`id`) ON DELETE CASCADE
) ENGINE=InnoDB AUTO_INCREMENT=23 DEFAULT CHARSET=utf8mb4 COLLATE=utf8mb4_0900_ai_ci;
/*!40101 SET character_set_client = @saved_cs_client */;

--
-- Dumping data for table `transactions`
--

LOCK TABLES `transactions` WRITE;
/*!40000 ALTER TABLE `transactions` DISABLE KEYS */;
INSERT INTO `transactions` VALUES (1,2,'AAPL','buy',50,145.00,7250.00,'2025-06-26 09:25:18'),(2,2,'GOOGL','buy',5,2750.00,13750.00,'2025-06-26 09:25:18'),(3,2,'TSLA','buy',10,780.00,7800.00,'2025-06-26 09:25:18'),(4,3,'MSFT','buy',25,290.00,7250.00,'2025-06-26 09:25:18'),(5,3,'NVDA','buy',15,420.00,6300.00,'2025-06-26 09:25:18'),(6,3,'META','buy',20,310.00,6200.00,'2025-06-26 09:25:18'),(7,4,'AAPL','buy',20,148.00,2960.00,'2025-06-26 09:25:18'),(8,4,'AMZN','buy',2,3100.00,6200.00,'2025-06-26 09:25:18'),(9,5,'AAPL','buy',1,150.25,150.25,'2025-06-26 09:40:00'),(10,5,'AAPL','buy',1,150.25,150.25,'2025-06-26 09:40:11'),(11,5,'AAPL','sell',1,150.25,150.25,'2025-06-26 09:43:38'),(12,5,'AAPL','buy',1,150.25,150.25,'2025-06-26 09:46:53'),(13,5,'AAPL','sell',1,150.25,150.25,'2025-06-26 09:47:18'),(14,5,'AAPL','buy',1,150.25,150.25,'2025-06-26 10:00:18'),(15,5,'AAPL','buy',1,150.25,150.25,'2025-06-26 10:00:23'),(16,5,'AAPL','buy',1,171.82,171.82,'2025-06-26 10:21:58'),(17,5,'AAPL','buy',1,153.05,153.05,'2025-06-26 11:22:06'),(18,5,'AAPL','sell',1,131.91,131.91,'2025-06-26 12:51:15'),(19,5,'AAPL','sell',1,164.31,164.31,'2025-06-26 13:24:43'),(20,5,'AAPL','sell',1,164.31,164.31,'2025-06-26 13:24:45'),(21,5,'AAPL','sell',2,164.04,328.08,'2025-06-26 13:38:12'),(22,5,'AMZN','buy',5,3982.07,19910.35,'2025-06-26 13:38:35');
/*!40000 ALTER TABLE `transactions` ENABLE KEYS */;
UNLOCK TABLES;

--
-- Table structure for table `user_commission_profiles`
--

DROP TABLE IF EXISTS `user_commission_profiles`;
/*!40101 SET @saved_cs_client     = @@character_set_client */;
/*!50503 SET character_set_client = utf8mb4 */;
CREATE TABLE `user_commission_profiles` (
  `id` int NOT NULL AUTO_INCREMENT,
  `user_id` int NOT NULL,
  `market_id` int NOT NULL,
  `tier_name` varchar(50) NOT NULL DEFAULT 'STANDARD',
  `total_volume` int DEFAULT '0',
  `monthly_volume` int DEFAULT '0',
  `vip_level` enum('NONE','BRONZE','SILVER','GOLD','PLATINUM') DEFAULT 'NONE',
  `discount_percentage` decimal(5,2) DEFAULT '0.00',
  `created_at` timestamp NULL DEFAULT CURRENT_TIMESTAMP,
  `updated_at` timestamp NULL DEFAULT CURRENT_TIMESTAMP ON UPDATE CURRENT_TIMESTAMP,
  PRIMARY KEY (`id`),
  UNIQUE KEY `unique_user_market` (`user_id`,`market_id`),
  KEY `market_id` (`market_id`),
  KEY `idx_user_id` (`user_id`),
  KEY `idx_tier` (`tier_name`),
  CONSTRAINT `user_commission_profiles_ibfk_1` FOREIGN KEY (`user_id`) REFERENCES `users` (`id`) ON DELETE CASCADE,
  CONSTRAINT `user_commission_profiles_ibfk_2` FOREIGN KEY (`market_id`) REFERENCES `markets` (`id`) ON DELETE CASCADE
) ENGINE=InnoDB AUTO_INCREMENT=17 DEFAULT CHARSET=utf8mb4 COLLATE=utf8mb4_0900_ai_ci;
/*!40101 SET character_set_client = @saved_cs_client */;

--
-- Dumping data for table `user_commission_profiles`
--

LOCK TABLES `user_commission_profiles` WRITE;
/*!40000 ALTER TABLE `user_commission_profiles` DISABLE KEYS */;
INSERT INTO `user_commission_profiles` VALUES (1,1,1,'VIP',5000000,500000,'PLATINUM',20.00,'2025-06-26 09:25:18','2025-06-26 09:25:18'),(2,1,2,'VIP',5000000,500000,'PLATINUM',20.00,'2025-06-26 09:25:18','2025-06-26 09:25:18'),(3,1,3,'PREMIUM',2000000,200000,'GOLD',15.00,'2025-06-26 09:25:18','2025-06-26 09:25:18'),(4,1,4,'PREMIUM',1000000,100000,'GOLD',15.00,'2025-06-26 09:25:18','2025-06-26 09:25:18'),(5,2,1,'STANDARD',50000,5000,'BRONZE',5.00,'2025-06-26 09:25:18','2025-06-26 09:25:18'),(6,2,2,'STANDARD',50000,5000,'BRONZE',5.00,'2025-06-26 09:25:18','2025-06-26 09:25:18'),(7,2,3,'BASIC',10000,1000,'NONE',0.00,'2025-06-26 09:25:18','2025-06-26 09:25:18'),(8,2,4,'BASIC',25000,2500,'NONE',0.00,'2025-06-26 09:25:18','2025-06-26 09:25:18'),(9,3,1,'PREMIUM',150000,15000,'SILVER',10.00,'2025-06-26 09:25:18','2025-06-26 09:25:18'),(10,3,2,'PREMIUM',150000,15000,'SILVER',10.00,'2025-06-26 09:25:18','2025-06-26 09:25:18'),(11,3,3,'STANDARD',75000,7500,'BRONZE',5.00,'2025-06-26 09:25:18','2025-06-26 09:25:18'),(12,3,4,'STANDARD',100000,10000,'BRONZE',5.00,'2025-06-26 09:25:18','2025-06-26 09:25:18'),(13,4,1,'BASIC',25000,2500,'NONE',0.00,'2025-06-26 09:25:18','2025-06-26 09:25:18'),(14,4,2,'BASIC',25000,2500,'NONE',0.00,'2025-06-26 09:25:18','2025-06-26 09:25:18'),(15,4,3,'BASIC',5000,500,'NONE',0.00,'2025-06-26 09:25:18','2025-06-26 09:25:18'),(16,4,4,'BASIC',10000,1000,'NONE',0.00,'2025-06-26 09:25:18','2025-06-26 09:25:18');
/*!40000 ALTER TABLE `user_commission_profiles` ENABLE KEYS */;
UNLOCK TABLES;

--
-- Table structure for table `user_trading_stats`
--

DROP TABLE IF EXISTS `user_trading_stats`;
/*!40101 SET @saved_cs_client     = @@character_set_client */;
/*!50503 SET character_set_client = utf8mb4 */;
CREATE TABLE `user_trading_stats` (
  `id` int NOT NULL AUTO_INCREMENT,
  `user_id` int NOT NULL,
  `total_trades` int DEFAULT '0',
  `winning_trades` int DEFAULT '0',
  `losing_trades` int DEFAULT '0',
  `total_volume` decimal(15,2) DEFAULT '0.00',
  `total_commission` decimal(10,2) DEFAULT '0.00',
  `total_fees` decimal(10,2) DEFAULT '0.00',
  `average_holding_period` int DEFAULT '0',
  `largest_win` decimal(10,2) DEFAULT '0.00',
  `largest_loss` decimal(10,2) DEFAULT '0.00',
  `max_drawdown` decimal(10,2) DEFAULT '0.00',
  `sharpe_ratio` decimal(8,4) DEFAULT '0.0000',
  `win_rate` decimal(5,2) DEFAULT '0.00',
  `profit_factor` decimal(8,4) DEFAULT '0.0000',
  `last_calculated` timestamp NOT NULL DEFAULT CURRENT_TIMESTAMP,
  `created_at` timestamp NULL DEFAULT CURRENT_TIMESTAMP,
  `updated_at` timestamp NULL DEFAULT CURRENT_TIMESTAMP ON UPDATE CURRENT_TIMESTAMP,
  PRIMARY KEY (`id`),
  UNIQUE KEY `user_id` (`user_id`),
  KEY `idx_user` (`user_id`),
  KEY `idx_win_rate` (`win_rate`),
  KEY `idx_sharpe` (`sharpe_ratio`),
  KEY `idx_calculated` (`last_calculated`),
  CONSTRAINT `user_trading_stats_ibfk_1` FOREIGN KEY (`user_id`) REFERENCES `users` (`id`) ON DELETE CASCADE
) ENGINE=InnoDB DEFAULT CHARSET=utf8mb4 COLLATE=utf8mb4_0900_ai_ci;
/*!40101 SET character_set_client = @saved_cs_client */;

--
-- Dumping data for table `user_trading_stats`
--

LOCK TABLES `user_trading_stats` WRITE;
/*!40000 ALTER TABLE `user_trading_stats` DISABLE KEYS */;
/*!40000 ALTER TABLE `user_trading_stats` ENABLE KEYS */;
UNLOCK TABLES;

--
-- Table structure for table `users`
--

DROP TABLE IF EXISTS `users`;
/*!40101 SET @saved_cs_client     = @@character_set_client */;
/*!50503 SET character_set_client = utf8mb4 */;
CREATE TABLE `users` (
  `id` int NOT NULL AUTO_INCREMENT,
  `username` varchar(50) NOT NULL,
  `email` varchar(100) NOT NULL,
  `password_hash` varchar(255) NOT NULL,
  `full_name` varchar(100) NOT NULL DEFAULT '',
  `balance` decimal(15,2) DEFAULT '10000.00',
  `total_profit` decimal(15,2) DEFAULT '0.00',
  `created_at` timestamp NULL DEFAULT CURRENT_TIMESTAMP,
  `updated_at` timestamp NULL DEFAULT CURRENT_TIMESTAMP ON UPDATE CURRENT_TIMESTAMP,
  PRIMARY KEY (`id`),
  UNIQUE KEY `username` (`username`),
  UNIQUE KEY `email` (`email`),
  KEY `idx_email` (`email`),
  KEY `idx_username` (`username`)
) ENGINE=InnoDB AUTO_INCREMENT=6 DEFAULT CHARSET=utf8mb4 COLLATE=utf8mb4_0900_ai_ci;
/*!40101 SET character_set_client = @saved_cs_client */;

--
-- Dumping data for table `users`
--

LOCK TABLES `users` WRITE;
/*!40000 ALTER TABLE `users` DISABLE KEYS */;
INSERT INTO `users` VALUES (1,'admin','admin@stocksim.com','$2a$10$92IXUNpkjO0rOQ5byMi.Ye4oKoEa3Ro9llC/.og/at2.uheWG/igi','Administrator',100000.00,0.00,'2025-06-26 09:25:18','2025-06-26 09:25:18'),(2,'john_doe','john@example.com','$2a$10$92IXUNpkjO0rOQ5byMi.Ye4oKoEa3Ro9llC/.og/at2.uheWG/igi','John Doe',50000.00,2500.00,'2025-06-26 09:25:18','2025-06-26 09:25:18'),(3,'jane_smith','jane@example.com','$2a$10$92IXUNpkjO0rOQ5byMi.Ye4oKoEa3Ro9llC/.og/at2.uheWG/igi','Jane Smith',75000.00,5000.00,'2025-06-26 09:25:18','2025-06-26 09:25:18'),(4,'demo_user','demo@stocksim.com','$2a$10$92IXUNpkjO0rOQ5byMi.Ye4oKoEa3Ro9llC/.og/at2.uheWG/igi','Demo User',25000.00,1000.00,'2025-06-26 09:25:18','2025-06-26 09:25:18'),(5,'yam','yam@gmail.com','$2a$10$AE/VTVZmXxS8/Q1qeyfNvuwFA7F3j9K1hmQOevUScyR3jP6AjrV.m','',80102.64,13.01,'2025-06-26 09:27:53','2025-06-26 13:38:35');
/*!40000 ALTER TABLE `users` ENABLE KEYS */;
UNLOCK TABLES;
/*!40103 SET TIME_ZONE=@OLD_TIME_ZONE */;

/*!40101 SET SQL_MODE=@OLD_SQL_MODE */;
/*!40014 SET FOREIGN_KEY_CHECKS=@OLD_FOREIGN_KEY_CHECKS */;
/*!40014 SET UNIQUE_CHECKS=@OLD_UNIQUE_CHECKS */;
/*!40101 SET CHARACTER_SET_CLIENT=@OLD_CHARACTER_SET_CLIENT */;
/*!40101 SET CHARACTER_SET_RESULTS=@OLD_CHARACTER_SET_RESULTS */;
/*!40101 SET COLLATION_CONNECTION=@OLD_COLLATION_CONNECTION */;
/*!40111 SET SQL_NOTES=@OLD_SQL_NOTES */;

-- Dump completed on 2025-06-26 21:15:39
